loop_id;module;function_name;function_id;source_info;level;inc_time_p;inc_time_s;inc_time_s_min;inc_time_s_avg;inc_time_s_max;inc_cov_deviation;inc_time_deviation;exc_time_p;exc_time_s;exc_time_s_min;exc_time_s_avg;exc_time_s_max;exc_cov_deviation;exc_time_deviation;nb_threads;flops;
776;MainEnsemble;void std::__introsort_loop<__gnu_cxx::__normal_iterator<std::pair<double, int>*, std::vector<std::pair<double, int>, std::allocator<std::pair<double, int> > > >, long, __gnu_cxx::__ops::_Iter_less_iter>(__gnu_cxx::__normal_iterator<std::pair<double, int>*, std::vector<std::pair<double, int>, std::allocator<std::pair<double, int> > > >, __gnu_cxx::__normal_iterator<std::pair<double, int>*, std::vector<std::pair<double, int>, std::allocator<std::pair<double, int> > > >, long, __gnu_cxx::__ops::_Iter_less_iter) [clone .isra.0];460;;Outermost;71.428573608398;0.025000000372529;;;;;;42.857139587402;0.014999998733401;;;;;;;;
777;MainEnsemble;void std::__introsort_loop<__gnu_cxx::__normal_iterator<std::pair<double, int>*, std::vector<std::pair<double, int>, std::allocator<std::pair<double, int> > > >, long, __gnu_cxx::__ops::_Iter_less_iter>(__gnu_cxx::__normal_iterator<std::pair<double, int>*, std::vector<std::pair<double, int>, std::allocator<std::pair<double, int> > > >, __gnu_cxx::__normal_iterator<std::pair<double, int>*, std::vector<std::pair<double, int>, std::allocator<std::pair<double, int> > > >, long, __gnu_cxx::__ops::_Iter_less_iter) [clone .isra.0];460;;Innermost;28.571424484253;0.00999999884516;;;;;;28.571424484253;0.00999999884516;;;;;;;;
773;MainEnsemble;void std::__final_insertion_sort<__gnu_cxx::__normal_iterator<std::pair<double, int>*, std::vector<std::pair<double, int>, std::allocator<std::pair<double, int> > > >, __gnu_cxx::__ops::_Iter_less_iter>(__gnu_cxx::__normal_iterator<std::pair<double, int>*, std::vector<std::pair<double, int>, std::allocator<std::pair<double, int> > > >, __gnu_cxx::__normal_iterator<std::pair<double, int>*, std::vector<std::pair<double, int>, std::allocator<std::pair<double, int> > > >, __gnu_cxx::__ops::_Iter_less_iter) [clone .isra.0];459;;Innermost;14.285712242126;0.00499999942258;;;;;;14.285712242126;0.00499999942258;;;;;;;;
800;MainEnsemble;DecisionTreeSingle::splitNode(DecisionTreeSingle::Tree*, std::vector<double, std::allocator<double> > const&, int, std::vector<double, std::allocator<double> > const&, std::vector<int, std::allocator<int> > const&, int);477;;Single;14.285712242126;0.00499999942258;;;;;;14.285712242126;0.00499999942258;;;;;;;;
