loop_id;module;function_name;function_id;source_info;level;inc_time_p;inc_time_s;inc_time_s_min;inc_time_s_avg;inc_time_s_max;inc_cov_deviation;inc_time_deviation;exc_time_p;exc_time_s;exc_time_s_min;exc_time_s_avg;exc_time_s_max;exc_cov_deviation;exc_time_deviation;nb_threads;flops;
773;MainEnsemble;void std::__final_insertion_sort<__gnu_cxx::__normal_iterator<std::pair<double, int>*, std::vector<std::pair<double, int>, std::allocator<std::pair<double, int> > > >, __gnu_cxx::__ops::_Iter_less_iter>(__gnu_cxx::__normal_iterator<std::pair<double, int>*, std::vector<std::pair<double, int>, std::allocator<std::pair<double, int> > > >, __gnu_cxx::__normal_iterator<std::pair<double, int>*, std::vector<std::pair<double, int>, std::allocator<std::pair<double, int> > > >, __gnu_cxx::__ops::_Iter_less_iter) [clone .isra.0];459;;Innermost;33.333332061768;0.0099999997764826;;;;;;33.333332061768;0.0099999997764826;;;;;;;;
779;MainEnsemble;void std::__introsort_loop<__gnu_cxx::__normal_iterator<std::pair<double, int>*, std::vector<std::pair<double, int>, std::allocator<std::pair<double, int> > > >, long, __gnu_cxx::__ops::_Iter_less_iter>(__gnu_cxx::__normal_iterator<std::pair<double, int>*, std::vector<std::pair<double, int>, std::allocator<std::pair<double, int> > > >, __gnu_cxx::__normal_iterator<std::pair<double, int>*, std::vector<std::pair<double, int>, std::allocator<std::pair<double, int> > > >, long, __gnu_cxx::__ops::_Iter_less_iter) [clone .isra.0];460;;InBetween;33.333332061768;0.0099999997764826;;;;;;16.666666030884;0.0049999998882413;;;;;;;;
793;MainEnsemble;DecisionTreeSingle::findBestSplitOMP(std::vector<double, std::allocator<double> > const&, int, std::vector<double, std::allocator<double> > const&, std::vector<int, std::allocator<int> > const&, double) [clone ._omp_fn.0];475;;Innermost;16.666666030884;0.0049999998882413;;;;;;16.666666030884;0.0049999998882413;;;;;;;;
777;MainEnsemble;void std::__introsort_loop<__gnu_cxx::__normal_iterator<std::pair<double, int>*, std::vector<std::pair<double, int>, std::allocator<std::pair<double, int> > > >, long, __gnu_cxx::__ops::_Iter_less_iter>(__gnu_cxx::__normal_iterator<std::pair<double, int>*, std::vector<std::pair<double, int>, std::allocator<std::pair<double, int> > > >, __gnu_cxx::__normal_iterator<std::pair<double, int>*, std::vector<std::pair<double, int>, std::allocator<std::pair<double, int> > > >, long, __gnu_cxx::__ops::_Iter_less_iter) [clone .isra.0];460;;Innermost;16.666666030884;0.0049999998882413;;;;;;16.666666030884;0.0049999998882413;;;;;;;;
776;MainEnsemble;void std::__introsort_loop<__gnu_cxx::__normal_iterator<std::pair<double, int>*, std::vector<std::pair<double, int>, std::allocator<std::pair<double, int> > > >, long, __gnu_cxx::__ops::_Iter_less_iter>(__gnu_cxx::__normal_iterator<std::pair<double, int>*, std::vector<std::pair<double, int>, std::allocator<std::pair<double, int> > > >, __gnu_cxx::__normal_iterator<std::pair<double, int>*, std::vector<std::pair<double, int>, std::allocator<std::pair<double, int> > > >, long, __gnu_cxx::__ops::_Iter_less_iter) [clone .isra.0];460;;Outermost;49.999996185303;0.014999999664724;;;;;;16.666666030884;0.0049999998882413;;;;;;;;
